t_rel,latency_s,ok,status,op,kind,degraded,queued,attempt,gw_attempts
-0.0003,0.0237,1,200,probe_student,probe,0,0,1,1
0.001,0.0374,1,200,probe_records,probe,0,0,1,1
0.0022,0.0385,1,200,probe_timetable,probe,0,0,1,1
0.0045,0.05,1,200,probe_payment,probe,0,0,1,1
0.0059,0.0437,1,200,transcript,load,0,0,1,1
0.0591,0.0311,1,200,payment,load,0,0,1,1
0.1211,0.0111,1,200,student_read,load,0,0,1,1
0.1675,0.0138,1,200,timetable,load,0,0,1,1
0.2154,0.0243,1,200,payment,load,0,0,1,1
0.2619,0.0204,1,200,probe_student,probe,0,0,1,1
0.2631,0.0318,1,200,probe_records,probe,0,0,1,1
0.2641,0.0396,1,200,probe_timetable,probe,0,0,1,1
0.2651,0.0348,1,200,probe_payment,probe,0,0,1,1
0.266,0.0345,1,200,timetable,load,0,0,1,1
0.307,0.0142,1,200,transcript,load,0,0,1,1
0.3681,0.0263,1,200,payment,load,0,0,1,1
0.4141,0.0189,1,200,enroll,load,0,0,1,1
0.4608,0.024,1,200,payment,load,0,0,1,1
0.5074,0.0222,1,200,probe_student,probe,0,0,1,1
0.509,0.0333,1,200,probe_records,probe,0,0,1,1
0.5104,0.0388,1,200,probe_timetable,probe,0,0,1,1
0.5123,0.0355,1,200,probe_payment,probe,0,0,1,1
0.5139,0.032,1,200,student_read,load,0,0,1,1
0.5686,0.0102,1,200,balance,load,0,0,1,1
0.6146,0.0261,1,200,payment,load,0,0,1,1
0.6612,0.0136,1,200,transcript,load,0,0,1,1
0.7067,0.0103,1,200,student_read,load,0,0,1,1
0.7546,0.0218,1,200,probe_student,probe,0,0,1,1
0.7564,0.0277,1,200,probe_records,probe,0,0,1,1
0.7576,0.0329,1,200,probe_timetable,probe,0,0,1,1
0.759,0.0304,1,200,probe_payment,probe,0,0,1,1
0.7621,0.0472,1,200,transcript,load,0,0,1,1
0.807,0.0249,1,200,payment,load,0,0,1,1
0.8621,0.0138,1,200,transcript,load,0,0,1,1
0.9092,0.0281,1,200,payment,load,0,0,1,1
0.9713,0.0155,1,200,timetable,load,0,0,1,1
1.0023,0.0253,1,200,probe_student,probe,0,0,1,1
1.004,0.0336,1,200,probe_records,probe,0,0,1,1
1.0056,0.0365,1,200,probe_timetable,probe,0,0,1,1
1.0073,0.0372,1,200,probe_payment,probe,0,0,1,1
1.0128,0.0273,1,200,transcript,load,0,0,1,1
1.0644,0.0111,1,200,student_read,load,0,0,1,1
1.1105,0.0171,1,200,transcript,load,0,0,1,1
1.1717,0.0126,1,200,student_read,load,0,0,1,1
1.2186,0.0103,1,200,balance,load,0,0,1,1
1.2646,0.0214,1,200,probe_student,probe,0,0,1,1
1.2658,0.0277,1,200,probe_records,probe,0,0,1,1
1.2673,0.0302,1,200,probe_timetable,probe,0,0,1,1
1.2687,0.0316,1,200,probe_payment,probe,0,0,1,1
1.2698,0.0256,1,200,timetable,load,0,0,1,1
1.3107,0.025,1,200,payment,load,0,0,1,1
1.3718,0.0111,1,200,student_read,load,0,0,1,1
1.4187,0.0125,1,200,enroll,load,0,0,1,1
1.4647,0.015,1,200,transcript,load,0,0,1,1
1.5113,0.0235,1,200,probe_student,probe,0,0,1,1
1.5123,0.0372,1,200,probe_records,probe,0,0,1,1
1.5135,0.0412,1,200,probe_timetable,probe,0,0,1,1
1.5154,0.0381,1,200,probe_payment,probe,0,0,1,1
1.517,0.0346,1,200,transcript,load,0,0,1,1
1.5589,0.0118,1,200,student_read,load,0,0,1,1
1.6215,0.013,1,200,student_read,load,0,0,1,1
1.6682,0.0275,1,200,payment,load,0,0,1,1
1.7144,0.0109,1,200,balance,load,0,0,1,1
1.7618,0.0198,1,200,probe_student,probe,0,0,1,1
1.7632,0.0292,1,200,probe_records,probe,0,0,1,1
1.7643,0.0362,1,200,probe_timetable,probe,0,0,1,1
1.7653,0.0332,1,200,probe_payment,probe,0,0,1,1
1.7662,0.0288,1,200,transcript,load,0,0,1,1
1.8082,0.0138,1,200,transcript,load,0,0,1,1
1.869,0.011,1,200,student_read,load,0,0,1,1
1.9154,0.0207,1,200,grade,load,0,0,1,1
1.9629,0.0104,1,200,student_read,load,0,0,1,1
2.0095,0.0215,1,200,probe_student,probe,0,0,1,1
2.0106,0.0312,1,200,probe_records,probe,0,0,1,1
2.0122,0.0379,1,200,probe_timetable,probe,0,0,1,1
2.0135,0.0342,1,200,probe_payment,probe,0,0,1,1
2.0149,0.0297,1,200,transcript,load,0,0,1,1
2.0566,0.0255,1,200,payment,load,0,0,1,1
2.119,0.017,1,200,enroll,load,0,0,1,1
2.1666,0.0131,1,200,transcript,load,0,0,1,1
2.2133,0.0198,1,200,grade,load,0,0,1,1
2.2593,0.0201,1,200,probe_student,probe,0,0,1,1
2.2607,0.031,1,200,probe_records,probe,0,0,1,1
2.2621,0.0316,1,200,probe_timetable,probe,0,0,1,1
2.2631,0.0339,1,200,probe_payment,probe,0,0,1,1
2.264,0.0266,1,200,balance,load,0,0,1,1
2.3074,0.0115,1,200,balance,load,0,0,1,1
2.3709,0.0156,1,200,timetable,load,0,0,1,1
2.4165,0.025,1,200,payment,load,0,0,1,1
2.462,0.0108,1,200,balance,load,0,0,1,1
2.5085,0.0205,1,200,probe_student,probe,0,0,1,1
2.5096,0.0291,1,200,probe_records,probe,0,0,1,1
2.5106,0.0368,1,200,probe_timetable,probe,0,0,1,1
2.5118,0.0341,1,200,probe_payment,probe,0,0,1,1
2.5129,0.0277,1,200,timetable,load,0,0,1,1
2.5697,0.0121,1,200,student_read,load,0,0,1,1
2.6163,0.011,1,200,student_read,load,0,0,1,1
2.6632,0.0115,1,200,balance,load,0,0,1,1
2.7101,0.0109,1,200,student_read,load,0,0,1,1
2.7565,0.0219,1,200,probe_student,probe,0,0,1,1
2.7579,0.0285,1,200,probe_records,probe,0,0,1,1
2.759,0.0337,1,200,probe_timetable,probe,0,0,1,1
2.76,0.0311,1,200,probe_payment,probe,0,0,1,1
2.7612,0.0283,1,200,balance,load,0,0,1,1
2.8193,0.0099,1,200,student_read,load,0,0,1,1
2.8664,0.0146,1,200,transcript,load,0,0,1,1
2.912,0.0122,1,200,balance,load,0,0,1,1
2.9592,0.0127,1,200,transcript,load,0,0,1,1
3.0062,0.024,1,200,probe_student,probe,0,0,1,1
3.0076,0.0326,1,200,probe_records,probe,0,0,1,1
3.0091,0.0361,1,200,probe_timetable,probe,0,0,1,1
3.0107,0.0363,1,200,probe_payment,probe,0,0,1,1
3.0127,0.0306,1,200,timetable,load,0,0,1,1
3.068,0.0128,1,200,transcript,load,0,0,1,1
3.1148,0.0159,1,200,transcript,load,0,0,1,1
3.1613,0.027,1,200,payment,load,0,0,1,1
3.2086,0.0102,1,200,student_read,load,0,0,1,1
3.2544,0.0228,1,200,probe_student,probe,0,0,1,1
3.2558,0.0313,1,200,probe_records,probe,0,0,1,1
3.257,0.0341,1,200,probe_timetable,probe,0,0,1,1
3.258,0.0352,1,200,probe_payment,probe,0,0,1,1
3.2622,0.0269,1,200,transcript,load,0,0,1,1
3.3169,0.0155,1,200,transcript,load,0,0,1,1
3.3622,0.0159,1,200,timetable,load,0,0,1,1
3.4088,0.0117,1,200,student_read,load,0,0,1,1
3.4708,0.0244,1,200,grade,load,0,0,1,1
3.5023,0.024,1,200,probe_student,probe,0,0,1,1
3.5036,0.0299,1,200,probe_records,probe,0,0,1,1
3.505,0.0357,1,200,probe_timetable,probe,0,0,1,1
3.5064,0.0356,1,200,probe_payment,probe,0,0,1,1
3.5098,0.0284,1,200,timetable,load,0,0,1,1
3.5654,0.0151,1,200,timetable,load,0,0,1,1
3.6124,0.0176,1,200,timetable,load,0,0,1,1
3.6586,0.0212,1,200,grade,load,0,0,1,1
3.721,0.0145,1,200,timetable,load,0,0,1,1
3.7518,0.0233,1,200,probe_student,probe,0,0,1,1
3.7532,0.0291,1,200,probe_records,probe,0,0,1,1
3.7547,0.0505,1,200,probe_timetable,probe,0,0,1,1
3.7565,0.0464,1,200,probe_payment,probe,0,0,1,1
3.7603,0.0335,1,200,payment,load,0,0,1,1
3.8131,0.0098,1,200,balance,load,0,0,1,1
3.8602,0.018,1,200,enroll,load,0,0,1,1
3.9067,0.0158,1,200,enroll,load,0,0,1,1
3.9674,0.0223,1,200,grade,load,0,0,1,1
4.0157,0.0232,1,200,probe_student,probe,0,0,1,1
4.0169,0.0319,1,200,probe_records,probe,0,0,1,1
4.0186,0.0553,1,200,probe_timetable,probe,0,0,1,1
4.0202,0.0499,1,200,probe_payment,probe,0,0,1,1
4.0219,0.0341,1,200,grade,load,0,0,1,1
4.0561,0.0166,1,200,balance,load,0,0,1,1
4.1097,0.0134,1,200,transcript,load,0,0,1,1
4.1565,0.0134,1,200,transcript,load,0,0,1,1
4.2184,0.0107,1,200,student_read,load,0,0,1,1
4.2647,0.0183,1,200,probe_student,probe,0,0,1,1
4.2658,0.0249,1,200,probe_records,probe,0,0,1,1
4.2668,0.032,1,200,probe_timetable,probe,0,0,1,1
4.2683,0.0263,1,200,probe_payment,probe,0,0,1,1
4.2694,0.0234,1,200,student_read,load,0,0,1,1
4.3111,0.0223,1,200,grade,load,0,0,1,1
4.3583,0.0109,1,200,balance,load,0,0,1,1
4.4199,0.0222,1,200,grade,load,0,0,1,1
4.4657,0.0099,1,200,student_read,load,0,0,1,1
4.5115,0.0274,1,200,probe_student,probe,0,0,1,1
4.5134,0.0313,1,200,probe_records,probe,0,0,1,1
4.5149,0.0345,1,200,probe_timetable,probe,0,0,1,1
4.5167,0.0343,1,200,probe_payment,probe,0,0,1,1
4.5185,0.025,1,200,balance,load,0,0,1,1
4.558,0.0119,1,200,balance,load,0,0,1,1
4.6205,0.0272,1,200,payment,load,0,0,1,1
4.6672,0.0129,1,200,student_read,load,0,0,1,1
4.7135,0.0156,1,200,enroll,load,0,0,1,1
4.7595,0.024,1,200,probe_student,probe,0,0,1,1
4.7612,0.0284,1,200,probe_records,probe,0,0,1,1
4.7623,0.0641,1,200,probe_timetable,probe,0,0,1,1
4.7635,0.03,1,200,probe_payment,probe,0,0,1,1
4.7647,0.0539,1,200,payment,load,0,0,1,1
4.8161,0.0155,1,200,timetable,load,0,0,1,1
4.8682,0.0254,1,200,payment,load,0,0,1,1
4.914,0.0146,1,200,transcript,load,0,0,1,1
4.9615,0.0225,1,200,grade,load,0,0,1,1
5.0091,0.0249,1,200,probe_student,probe,0,0,1,1
5.0104,0.0346,1,200,probe_records,probe,0,0,1,1
5.0119,0.0369,1,200,probe_timetable,probe,0,0,1,1
5.0131,0.0375,1,200,probe_payment,probe,0,0,1,1
5.0142,0.0328,1,200,enroll,load,0,0,1,1
5.0715,0.0145,1,200,timetable,load,0,0,1,1
5.1176,0.011,1,200,student_read,load,0,0,1,1
5.1654,0.0123,1,200,balance,load,0,0,1,1
5.2113,0.0111,1,200,student_read,load,0,0,1,1
5.2584,0.0227,1,200,probe_student,probe,0,0,1,1
5.2596,0.0344,1,200,probe_records,probe,0,0,1,1
5.2609,0.0367,1,200,probe_timetable,probe,0,0,1,1
5.2626,0.0368,1,200,probe_payment,probe,0,0,1,1
5.264,0.0289,1,200,student_read,load,0,0,1,1
5.3206,0.0098,1,200,student_read,load,0,0,1,1
5.3669,0.0145,1,200,transcript,load,0,0,1,1
5.4136,0.015,1,200,transcript,load,0,0,1,1
5.4616,0.026,1,200,payment,load,0,0,1,1
5.5084,0.0238,1,200,probe_student,probe,0,0,1,1
5.5098,0.0331,1,200,probe_records,probe,0,0,1,1
5.5115,0.0393,1,200,probe_timetable,probe,0,0,1,1
5.5129,0.0356,1,200,probe_payment,probe,0,0,1,1
5.514,0.0373,1,200,transcript,load,0,0,1,1
5.5711,0.0107,1,200,student_read,load,0,0,1,1
5.6174,0.0159,1,200,timetable,load,0,0,1,1
5.6638,0.0147,1,200,timetable,load,0,0,1,1
5.7109,0.026,1,200,payment,load,0,0,1,1
5.7568,0.0222,1,200,probe_student,probe,0,0,1,1
5.758,0.0303,1,200,probe_records,probe,0,0,1,1
5.759,0.054,1,200,probe_timetable,probe,0,0,1,1
5.7599,0.0507,1,200,probe_payment,probe,0,0,1,1
5.761,0.0434,1,200,payment,load,0,0,1,1
5.8074,0.0132,1,200,student_read,load,0,0,1,1
5.8665,0.0155,1,200,timetable,load,0,0,1,1
5.9145,0.0271,1,200,payment,load,0,0,1,1
5.9605,0.0162,1,200,enroll,load,0,0,1,1
6.0061,0.0197,1,200,probe_student,probe,0,0,1,1
6.0074,0.029,1,200,probe_records,probe,0,0,1,1
6.0084,0.0337,1,200,probe_timetable,probe,0,0,1,1
6.0093,0.0307,1,200,probe_payment,probe,0,0,1,1
6.0103,0.0276,1,200,balance,load,0,0,1,1
6.0679,0.0122,1,200,student_read,load,0,0,1,1
6.1146,0.0151,1,200,transcript,load,0,0,1,1
6.1604,0.0126,1,200,student_read,load,0,0,1,1
6.207,0.0099,1,200,balance,load,0,0,1,1
6.2534,0.0232,1,200,probe_student,probe,0,0,1,1
6.2552,0.0328,1,200,probe_records,probe,0,0,1,1
6.2572,0.0422,1,200,probe_timetable,probe,0,0,1,1
6.2585,0.04,1,200,probe_payment,probe,0,0,1,1
6.2618,0.0312,1,200,transcript,load,0,0,1,1
6.3148,0.0108,1,200,student_read,load,0,0,1,1
6.3618,0.0119,1,200,balance,load,0,0,1,1
6.4078,0.0137,1,200,timetable,load,0,0,1,1
6.4715,0.0153,1,200,transcript,load,0,0,1,1
6.5022,0.0214,1,200,probe_student,probe,0,0,1,1
6.5035,0.0259,1,200,probe_records,probe,0,0,1,1
6.5051,0.0371,1,200,probe_timetable,probe,0,0,1,1
6.5067,0.0342,1,200,probe_payment,probe,0,0,1,1
6.5099,0.0244,1,200,transcript,load,0,0,1,1
6.5654,0.0202,1,200,grade,load,0,0,1,1
6.6125,0.0266,1,200,payment,load,0,0,1,1
6.6587,0.0238,1,200,payment,load,0,0,1,1
6.7207,0.0098,1,200,student_read,load,0,0,1,1
6.7518,0.0232,1,200,probe_student,probe,0,0,1,1
6.7534,0.029,1,200,probe_records,probe,0,0,1,1
6.7553,0.0391,1,200,probe_timetable,probe,0,0,1,1
6.757,0.0348,1,200,probe_payment,probe,0,0,1,1
6.7607,0.0257,1,200,balance,load,0,0,1,1
6.8139,0.0117,1,200,enroll,load,0,0,1,1
6.8608,0.0143,1,200,timetable,load,0,0,1,1
6.9064,0.0124,1,200,balance,load,0,0,1,1
6.9685,0.022,1,200,enroll,load,0,0,1,1
7.0156,0.0238,1,200,probe_student,probe,0,0,1,1
7.0168,0.0328,1,200,probe_records,probe,0,0,1,1
7.0187,0.0364,1,200,probe_timetable,probe,0,0,1,1
7.0204,0.037,1,200,probe_payment,probe,0,0,1,1
7.022,0.0299,1,200,transcript,load,0,0,1,1
7.0575,0.0263,1,200,payment,load,0,0,1,1
7.1089,0.0144,1,200,transcript,load,0,0,1,1
7.1702,0.0135,1,200,timetable,load,0,0,1,1
7.2168,0.014,1,200,enroll,load,0,0,1,1
7.2624,0.0238,1,200,probe_student,probe,0,0,1,1
7.2636,0.0317,1,200,probe_records,probe,0,0,1,1
7.2647,0.0369,1,200,probe_timetable,probe,0,0,1,1
7.2656,0.0378,1,200,probe_payment,probe,0,0,1,1
7.2677,0.032,1,200,enroll,load,0,0,1,1
7.3085,0.0128,1,200,timetable,load,0,0,1,1
7.3713,0.0155,1,200,transcript,load,0,0,1,1
7.4188,0.0125,1,200,timetable,load,0,0,1,1
7.4647,0.0104,1,200,balance,load,0,0,1,1
7.5109,0.0256,1,200,probe_student,probe,0,0,1,1
7.5127,0.0311,1,200,probe_records,probe,0,0,1,1
7.514,0.0546,1,200,probe_timetable,probe,0,0,1,1
7.5156,0.0483,1,200,probe_payment,probe,0,0,1,1
7.5187,0.0316,1,200,enroll,load,0,0,1,1
7.5578,0.0177,1,200,timetable,load,0,0,1,1
7.6215,0.0169,1,200,enroll,load,0,0,1,1
7.6687,0.0114,1,200,enroll,load,0,0,1,1
7.7142,0.0105,1,200,balance,load,0,0,1,1
7.7607,0.0234,1,200,probe_student,probe,0,0,1,1
7.762,0.0353,1,200,probe_records,probe,0,0,1,1
7.7635,0.0356,1,200,probe_timetable,probe,0,0,1,1
7.7653,0.0353,1,200,probe_payment,probe,0,0,1,1
7.767,0.0308,1,200,balance,load,0,0,1,1
7.8069,0.0155,1,200,enroll,load,0,0,1,1
7.8699,0.0153,1,200,enroll,load,0,0,1,1
7.9165,0.0091,1,200,balance,load,0,0,1,1
7.9633,0.0154,1,200,enroll,load,0,0,1,1
8.0103,0.0195,0,0,probe_student,probe,0,0,1,1
8.0116,0.0159,0,0,probe_records,probe,0,0,1,1
8.0128,0.513,0,0,probe_timetable,probe,0,0,1,1
8.0138,0.5278,0,0,probe_payment,probe,0,0,1,1
8.0147,0.5276,0,0,transcript,load,0,0,1,1
8.0568,0.5181,0,0,transcript,load,0,0,1,1
8.1199,0.5154,0,0,student_read,load,0,0,1,1
8.1663,0.5152,0,0,student_read,load,0,0,1,1
8.213,0.5156,0,0,balance,load,0,0,1,1
8.2599,0.5115,0,0,probe_student,probe,0,0,1,1
8.2615,0.5104,0,0,probe_records,probe,0,0,1,1
8.2639,0.5088,0,0,probe_timetable,probe,0,0,1,1
8.266,0.5072,0,0,probe_payment,probe,0,0,1,1
8.2673,0.5065,0,0,student_read,load,0,0,1,1
8.3222,0.5151,0,0,enroll,load,0,0,1,1
8.3687,0.5149,0,0,balance,load,0,0,1,1
8.416,0.5148,0,0,timetable,load,0,0,1,1
8.4635,0.5142,0,0,transcript,load,0,0,1,1
8.5098,0.5135,0,0,probe_student,probe,0,0,1,1
8.5118,0.512,0,0,probe_records,probe,0,0,1,1
8.5137,0.5109,0,0,probe_timetable,probe,0,0,1,1
8.5157,0.5096,0,0,probe_payment,probe,0,0,1,1
8.5177,0.5082,0,0,timetable,load,0,0,1,1
8.5721,0.5145,0,0,transcript,load,0,0,1,1
8.6188,0.5139,0,0,grade,load,0,0,1,1
8.6653,0.5145,0,0,balance,load,0,0,1,1
8.7124,0.5151,0,0,student_read,load,0,0,1,1
8.7589,0.515,0,0,probe_student,probe,0,0,1,1
8.7603,0.5141,0,0,probe_records,probe,0,0,1,1
8.7637,0.5115,0,0,probe_timetable,probe,0,0,1,1
8.7653,0.5105,0,0,probe_payment,probe,0,0,1,1
8.7666,0.51,0,0,timetable,load,0,0,1,1
8.8211,0.5125,0,0,transcript,load,0,0,1,1
8.8678,0.5116,0,0,transcript,load,0,0,1,1
8.9151,0.5107,0,0,student_read,load,0,0,1,1
8.9608,0.5117,0,0,payment,load,0,0,1,1
9.0086,0.5108,0,0,probe_student,probe,0,0,1,1
9.0097,0.5109,0,0,probe_records,probe,0,0,1,1
9.0108,0.5105,0,0,probe_timetable,probe,0,0,1,1
9.0134,0.5089,0,0,probe_payment,probe,0,0,1,1
9.0158,0.5072,0,0,transcript,load,0,0,1,1
9.0702,0.5097,0,0,timetable,load,0,0,1,1
9.1165,0.5108,0,0,student_read,load,0,0,1,1
9.1635,0.5108,0,0,enroll,load,0,0,1,1
9.2109,0.5121,0,0,payment,load,0,0,1,1
9.2574,0.5089,0,0,probe_student,probe,0,0,1,1
9.2587,0.5083,0,0,probe_records,probe,0,0,1,1
9.2599,0.5078,0,0,probe_timetable,probe,0,0,1,1
9.2614,0.5068,0,0,probe_payment,probe,0,0,1,1
9.2625,0.5062,0,0,student_read,load,0,0,1,1
9.3183,0.5096,0,0,enroll,load,0,0,1,1
9.3631,0.5118,0,0,payment,load,0,0,1,1
9.4086,0.5165,0,0,payment,load,0,0,1,1
9.4561,0.5139,0,0,balance,load,0,0,1,1
9.5025,0.5187,0,0,probe_student,probe,0,0,1,1
9.5043,0.5173,0,0,probe_records,probe,0,0,1,1
9.5057,0.5164,0,0,probe_timetable,probe,0,0,1,1
9.5071,0.5153,0,0,probe_payment,probe,0,0,1,1
9.5094,0.5135,0,0,payment,load,0,0,1,1
9.5638,0.5124,0,0,payment,load,0,0,1,1
9.6105,0.5133,0,0,transcript,load,0,0,1,1
9.6579,0.5152,0,0,grade,load,0,0,1,1
9.7206,0.513,0,0,timetable,load,0,0,1,1
9.7506,0.5278,0,0,probe_student,probe,0,0,1,1
9.7516,0.5276,0,0,probe_records,probe,0,0,1,1
9.7529,0.5271,0,0,probe_timetable,probe,0,0,1,1
9.7547,0.5261,0,0,probe_payment,probe,0,0,1,1
9.7587,0.523,0,0,enroll,load,0,0,1,1
9.8115,0.514,0,0,timetable,load,0,0,1,1
9.8588,0.5153,0,0,payment,load,0,0,1,1
9.9216,0.512,0,0,transcript,load,0,0,1,1
9.9674,0.5131,0,0,transcript,load,0,0,1,1
10.0133,0.5143,0,0,probe_student,probe,0,0,1,1
10.0151,0.5128,0,0,probe_records,probe,0,0,1,1
10.0163,0.512,0,0,probe_timetable,probe,0,0,1,1
10.0177,0.5111,0,0,probe_payment,probe,0,0,1,1
10.0191,0.5101,0,0,enroll,load,0,0,1,1
10.0603,0.5133,0,0,enroll,load,0,0,1,1
10.1069,0.5138,0,0,student_read,load,0,0,1,1
10.17,0.5121,0,0,balance,load,0,0,1,1
10.2171,0.512,0,0,grade,load,0,0,1,1
10.2644,0.526,0,0,probe_student,probe,0,0,1,1
10.2666,0.5241,0,0,probe_records,probe,0,0,1,1
10.2698,0.5212,0,0,probe_timetable,probe,0,0,1,1
10.2721,0.5191,0,0,probe_payment,probe,0,0,1,1
10.2748,0.5178,0,0,student_read,load,0,0,1,1
10.3091,0.5138,0,0,transcript,load,0,0,1,1
10.3719,0.5116,0,0,payment,load,0,0,1,1
10.4174,0.5137,0,0,transcript,load,0,0,1,1
10.464,0.5136,0,0,timetable,load,0,0,1,1
10.5107,0.5138,0,0,probe_student,probe,0,0,1,1
10.5123,0.5128,0,0,probe_records,probe,0,0,1,1
10.5135,0.5121,0,0,probe_timetable,probe,0,0,1,1
10.5148,0.5117,0,0,probe_payment,probe,0,0,1,1
10.5169,0.5102,0,0,timetable,load,0,0,1,1
10.5567,0.5154,0,0,payment,load,0,0,1,1
10.6188,0.5152,0,0,balance,load,0,0,1,1
10.6658,0.5143,0,0,transcript,load,0,0,1,1
10.7127,0.5024,0,0,transcript,load,0,0,1,1
10.7584,0.5116,0,0,probe_student,probe,0,0,1,1
10.7598,0.5107,0,0,probe_records,probe,0,0,1,1
10.7612,0.5096,0,0,probe_timetable,probe,0,0,1,1
10.7622,0.5089,0,0,probe_payment,probe,0,0,1,1
10.7634,0.5081,0,0,student_read,load,0,0,1,1
10.821,0.5026,0,0,enroll,load,0,0,1,1
10.8676,0.5032,0,0,enroll,load,0,0,1,1
10.914,0.5038,0,0,transcript,load,0,0,1,1
10.9608,0.5038,0,0,timetable,load,0,0,1,1
11.0075,0.5146,0,0,probe_student,probe,0,0,1,1
11.0089,0.5138,0,0,probe_records,probe,0,0,1,1
11.0107,0.5125,0,0,probe_timetable,probe,0,0,1,1
11.0128,0.511,0,0,probe_payment,probe,0,0,1,1
11.0145,0.5098,0,0,timetable,load,0,0,1,1
11.0699,0.5031,0,0,transcript,load,0,0,1,1
11.117,0.5034,0,0,balance,load,0,0,1,1
11.1644,0.5023,0,0,enroll,load,0,0,1,1
11.2114,0.5036,0,0,payment,load,0,0,1,1
11.2585,0.5169,0,0,probe_student,probe,0,0,1,1
11.2599,0.5162,0,0,probe_records,probe,0,0,1,1
11.2615,0.5153,0,0,probe_timetable,probe,0,0,1,1
11.2633,0.514,0,0,probe_payment,probe,0,0,1,1
11.2651,0.5124,0,0,transcript,load,0,0,1,1
11.3205,0.5038,0,0,payment,load,0,0,1,1
11.3678,0.5027,0,0,timetable,load,0,0,1,1
11.4134,0.506,0,0,student_read,load,0,0,1,1
11.4613,0.5164,0,0,timetable,load,0,0,1,1
11.5085,0.516,0,0,probe_student,probe,0,0,1,1
11.5099,0.5152,0,0,probe_records,probe,0,0,1,1
11.5122,0.5134,0,0,probe_timetable,probe,0,0,1,1
11.5144,0.5117,0,0,probe_payment,probe,0,0,1,1
11.5163,0.5104,0,0,student_read,load,0,0,1,1
11.5703,0.5029,0,0,transcript,load,0,0,1,1
11.6175,0.504,0,0,balance,load,0,0,1,1
11.6645,0.5038,0,0,payment,load,0,0,1,1
11.7123,0.5162,0,0,payment,load,0,0,1,1
11.7589,0.5146,0,0,probe_student,probe,0,0,1,1
11.7606,0.5137,0,0,probe_records,probe,0,0,1,1
11.7617,0.5134,0,0,probe_timetable,probe,0,0,1,1
11.763,0.5126,0,0,probe_payment,probe,0,0,1,1
11.7643,0.5118,0,0,payment,load,0,0,1,1
11.8206,0.5171,0,0,transcript,load,0,0,1,1
11.8667,0.5171,0,0,balance,load,0,0,1,1
11.914,0.5048,0,0,enroll,load,0,0,1,1
11.9608,0.5045,0,0,enroll,load,0,0,1,1
12.0079,0.5097,0,0,probe_student,probe,0,0,1,1
12.0094,0.5092,0,0,probe_records,probe,0,0,1,1
12.0109,0.5087,0,0,probe_timetable,probe,0,0,1,1
12.0123,0.5085,0,0,probe_payment,probe,0,0,1,1
12.0137,0.5079,0,0,student_read,load,0,0,1,1
12.0705,0.5043,0,0,enroll,load,0,0,1,1
12.1182,0.5144,0,0,payment,load,0,0,1,1
12.1655,0.5134,0,0,payment,load,0,0,1,1
12.2115,0.5136,0,0,timetable,load,0,0,1,1
12.259,0.5123,0,0,probe_student,probe,0,0,1,1
12.2612,0.5112,0,0,probe_records,probe,0,0,1,1
12.2628,0.5113,0,0,probe_timetable,probe,0,0,1,1
12.2646,0.5103,0,0,probe_payment,probe,0,0,1,1
12.2666,0.5092,0,0,timetable,load,0,0,1,1
12.3207,0.512,0,0,transcript,load,0,0,1,1
12.3672,0.5122,0,0,payment,load,0,0,1,1
12.4154,0.5108,0,0,student_read,load,0,0,1,1
12.4614,0.5125,0,0,transcript,load,0,0,1,1
12.5083,0.5135,0,0,probe_student,probe,0,0,1,1
12.5097,0.5125,0,0,probe_records,probe,0,0,1,1
12.5111,0.5114,0,0,probe_timetable,probe,0,0,1,1
12.5125,0.5104,0,0,probe_payment,probe,0,0,1,1
12.514,0.5092,0,0,balance,load,0,0,1,1
12.5704,0.513,0,0,balance,load,0,0,1,1
12.6164,0.5144,0,0,timetable,load,0,0,1,1
12.6626,0.5149,0,0,enroll,load,0,0,1,1
12.7089,0.5043,0,0,enroll,load,0,0,1,1
12.7549,0.5118,0,0,probe_student,probe,0,0,1,1
12.7571,0.5102,0,0,probe_records,probe,0,0,1,1
12.7587,0.5093,0,0,probe_timetable,probe,0,0,1,1
12.76,0.5096,0,0,probe_payment,probe,0,0,1,1
12.7633,0.5071,0,0,student_read,load,0,0,1,1
12.8163,0.5038,0,0,payment,load,0,0,1,1
12.8626,0.5052,0,0,timetable,load,0,0,1,1
12.9096,0.5059,0,0,enroll,load,0,0,1,1
12.9569,0.5034,0,0,enroll,load,0,0,1,1
13.0054,0.5088,0,0,probe_student,probe,0,0,1,1
13.0064,0.5084,0,0,probe_records,probe,0,0,1,1
13.0077,0.5078,0,0,probe_timetable,probe,0,0,1,1
13.0101,0.5063,0,0,probe_payment,probe,0,0,1,1
13.0128,0.5045,0,0,transcript,load,0,0,1,1
13.0671,0.515,0,0,balance,load,0,0,1,1
13.1147,0.5141,0,0,payment,load,0,0,1,1
13.1607,0.5156,0,0,student_read,load,0,0,1,1
13.2089,0.5045,0,0,balance,load,0,0,1,1
13.255,0.5106,0,0,probe_student,probe,0,0,1,1
13.257,0.5098,0,0,probe_records,probe,0,0,1,1
13.2585,0.5091,0,0,probe_timetable,probe,0,0,1,1
13.2597,0.5089,0,0,probe_payment,probe,0,0,1,1
13.2633,0.5062,0,0,student_read,load,0,0,1,1
13.3165,0.505,0,0,enroll,load,0,0,1,1
13.3641,0.5057,0,0,payment,load,0,0,1,1
13.411,0.5046,0,0,transcript,load,0,0,1,1
13.4572,0.5036,0,0,payment,load,0,0,1,1
13.5026,0.5151,0,0,probe_student,probe,0,0,1,1
13.5045,0.5138,0,0,probe_records,probe,0,0,1,1
13.5064,0.5123,0,0,probe_timetable,probe,0,0,1,1
13.5079,0.5115,0,0,probe_payment,probe,0,0,1,1
13.5099,0.5106,0,0,timetable,load,0,0,1,1
13.5653,0.5049,0,0,student_read,load,0,0,1,1
13.6121,0.5038,0,0,student_read,load,0,0,1,1
13.6593,0.504,0,0,transcript,load,0,0,1,1
13.708,0.5166,0,0,payment,load,0,0,1,1
13.7547,0.5124,0,0,probe_student,probe,0,0,1,1
13.7559,0.512,0,0,probe_records,probe,0,0,1,1
13.7568,0.5121,0,0,probe_timetable,probe,0,0,1,1
13.7581,0.5116,0,0,probe_payment,probe,0,0,1,1
13.7617,0.509,0,0,transcript,load,0,0,1,1
13.8183,0.5128,0,0,enroll,load,0,0,1,1
13.8655,0.5127,0,0,enroll,load,0,0,1,1
13.9119,0.5118,0,0,enroll,load,0,0,1,1
13.9581,0.5143,0,0,transcript,load,0,0,1,1
14.0043,0.5113,0,0,probe_student,probe,0,0,1,1
14.0059,0.5105,0,0,probe_records,probe,0,0,1,1
14.0074,0.5097,0,0,probe_timetable,probe,0,0,1,1
14.0091,0.5087,0,0,probe_payment,probe,0,0,1,1
14.0148,0.5042,0,0,timetable,load,0,0,1,1
14.0664,0.5125,0,0,student_read,load,0,0,1,1
14.1131,0.5127,0,0,student_read,load,0,0,1,1
14.16,0.5128,0,0,student_read,load,0,0,1,1
14.2225,0.5122,0,0,balance,load,0,0,1,1
14.253,0.525,0,0,probe_student,probe,0,0,1,1
14.2552,0.5235,0,0,probe_records,probe,0,0,1,1
14.2573,0.5218,0,0,probe_timetable,probe,0,0,1,1
14.2592,0.5202,0,0,probe_payment,probe,0,0,1,1
14.2634,0.5181,0,0,payment,load,0,0,1,1
14.315,0.5113,0,0,enroll,load,0,0,1,1
14.3619,0.5113,0,0,student_read,load,0,0,1,1
14.4082,0.5126,0,0,student_read,load,0,0,1,1
14.47,0.5124,0,0,grade,load,0,0,1,1
14.5014,0.523,0,0,probe_student,probe,0,0,1,1
14.5036,0.5215,0,0,probe_records,probe,0,0,1,1
14.5057,0.5201,0,0,probe_timetable,probe,0,0,1,1
14.508,0.5186,0,0,probe_payment,probe,0,0,1,1
14.5119,0.5169,0,0,payment,load,0,0,1,1
14.5621,0.512,0,0,payment,load,0,0,1,1
14.6088,0.5134,0,0,student_read,load,0,0,1,1
14.6567,0.511,0,0,student_read,load,0,0,1,1
14.718,0.5095,0,0,timetable,load,0,0,1,1
14.7657,0.5257,0,0,probe_student,probe,0,0,1,1
14.768,0.5239,0,0,probe_records,probe,0,0,1,1
14.7699,0.5224,0,0,probe_timetable,probe,0,0,1,1
14.7718,0.5209,0,0,probe_payment,probe,0,0,1,1
14.7735,0.5198,0,0,student_read,load,0,0,1,1
14.8104,0.5121,0,0,balance,load,0,0,1,1
14.8571,0.5113,0,0,enroll,load,0,0,1,1
14.9185,0.5112,0,0,enroll,load,0,0,1,1
14.9654,0.511,0,0,enroll,load,0,0,1,1
15.0128,0.5258,0,0,probe_student,probe,0,0,1,1
15.0146,0.5245,0,0,probe_records,probe,0,0,1,1
15.0166,0.523,0,0,probe_timetable,probe,0,0,1,1
15.019,0.5211,0,0,probe_payment,probe,0,0,1,1
15.0212,0.5194,0,0,grade,load,0,0,1,1
15.0577,0.514,0,0,timetable,load,0,0,1,1
15.12,0.5106,0,0,timetable,load,0,0,1,1
15.1656,0.5122,0,0,balance,load,0,0,1,1
15.2113,0.5135,0,0,balance,load,0,0,1,1
15.2583,0.5107,0,0,probe_student,probe,0,0,1,1
15.2597,0.5112,0,0,probe_records,probe,0,0,1,1
15.2611,0.5104,0,0,probe_timetable,probe,0,0,1,1
15.2625,0.5097,0,0,probe_payment,probe,0,0,1,1
15.2637,0.5092,0,0,student_read,load,0,0,1,1
15.3204,0.5139,0,0,timetable,load,0,0,1,1
15.3665,0.5141,0,0,grade,load,0,0,1,1
15.4132,0.5144,0,0,balance,load,0,0,1,1
15.4596,0.5152,0,0,balance,load,0,0,1,1
15.5064,0.5155,0,0,probe_student,probe,0,0,1,1
15.5086,0.5137,0,0,probe_records,probe,0,0,1,1
15.5122,0.5105,0,0,probe_timetable,probe,0,0,1,1
15.5145,0.5087,0,0,probe_payment,probe,0,0,1,1
15.5166,0.5069,0,0,balance,load,0,0,1,1
15.569,0.5134,0,0,student_read,load,0,0,1,1
15.6142,0.5158,0,0,timetable,load,0,0,1,1
15.661,0.5028,0,0,payment,load,0,0,1,1
15.7081,0.5048,0,0,enroll,load,0,0,1,1
15.7551,0.513,0,0,probe_student,probe,0,0,1,1
15.7572,0.5121,0,0,probe_records,probe,0,0,1,1
15.7591,0.5109,0,0,probe_timetable,probe,0,0,1,1
15.7613,0.5095,0,0,probe_payment,probe,0,0,1,1
15.7649,0.507,0,0,timetable,load,0,0,1,1
15.818,0.5155,0,0,enroll,load,0,0,1,1
15.8645,0.5153,0,0,enroll,load,0,0,1,1
15.9105,0.5158,0,0,balance,load,0,0,1,1
15.9583,0.5144,0,0,transcript,load,0,0,1,1
16.0051,0.5127,0,0,probe_student,probe,0,0,1,1
16.0069,0.5117,0,0,probe_records,probe,0,0,1,1
16.0082,0.5113,0,0,probe_timetable,probe,0,0,1,1
16.0094,0.5106,0,0,probe_payment,probe,0,0,1,1
16.0121,0.5083,0,0,balance,load,0,0,1,1
16.0663,0.5157,0,0,timetable,load,0,0,1,1
16.1127,0.5161,0,0,student_read,load,0,0,1,1
16.1611,0.515,0,0,transcript,load,0,0,1,1
16.2081,0.5149,0,0,grade,load,0,0,1,1
16.255,0.5079,0,0,probe_student,probe,0,0,1,1
16.2561,0.5073,0,0,probe_records,probe,0,0,1,1
16.2577,0.5061,0,0,probe_timetable,probe,0,0,1,1
16.2595,0.5046,0,0,probe_payment,probe,0,0,1,1
16.2635,0.5073,0,0,transcript,load,0,0,1,1
16.3175,0.5155,0,0,grade,load,0,0,1,1
16.3636,0.516,0,0,payment,load,0,0,1,1
16.4098,0.5152,0,0,payment,load,0,0,1,1
16.4564,0.5162,0,0,student_read,load,0,0,1,1
16.5042,0.5121,0,0,probe_student,probe,0,0,1,1
16.5053,0.5126,0,0,probe_records,probe,0,0,1,1
16.5066,0.5118,0,0,probe_timetable,probe,0,0,1,1
16.5085,0.5102,0,0,probe_payment,probe,0,0,1,1
16.5138,0.5057,0,0,student_read,load,0,0,1,1
16.5652,0.5146,0,0,student_read,load,0,0,1,1
16.6121,0.513,0,0,grade,load,0,0,1,1
16.6591,0.5158,0,0,transcript,load,0,0,1,1
16.7065,0.5143,0,0,transcript,load,0,0,1,1
16.7534,0.5208,0,0,probe_student,probe,0,0,1,1
16.7549,0.5202,0,0,probe_records,probe,0,0,1,1
16.7562,0.5202,0,0,probe_timetable,probe,0,0,1,1
16.7575,0.5202,0,0,probe_payment,probe,0,0,1,1
16.7597,0.5189,0,0,enroll,load,0,0,1,1
16.8161,0.5122,0,0,student_read,load,0,0,1,1
16.8625,0.5128,0,0,student_read,load,0,0,1,1
16.9087,0.514,0,0,timetable,load,0,0,1,1
16.9705,0.5126,0,0,enroll,load,0,0,1,1
17.0016,0.5231,0,0,probe_student,probe,0,0,1,1
17.0037,0.5215,0,0,probe_records,probe,0,0,1,1
17.0069,0.5189,0,0,probe_timetable,probe,0,0,1,1
17.0089,0.5174,0,0,probe_payment,probe,0,0,1,1
17.0131,0.515,0,0,student_read,load,0,0,1,1
17.0635,0.5125,0,0,enroll,load,0,0,1,1
17.109,0.5136,0,0,grade,load,0,0,1,1
17.1716,0.5139,0,0,student_read,load,0,0,1,1
17.2178,0.5144,0,0,balance,load,0,0,1,1
17.2656,0.5139,0,0,probe_student,probe,0,0,1,1
17.267,0.5132,0,0,probe_records,probe,0,0,1,1
17.2687,0.5119,0,0,probe_timetable,probe,0,0,1,1
17.27,0.5108,0,0,probe_payment,probe,0,0,1,1
17.2711,0.5101,0,0,enroll,load,0,0,1,1
17.3116,0.5147,0,0,student_read,load,0,0,1,1
17.3582,0.516,0,0,student_read,load,0,0,1,1
17.4202,0.5148,0,0,timetable,load,0,0,1,1
17.4669,0.5158,0,0,student_read,load,0,0,1,1
17.5138,0.515,0,0,probe_student,probe,0,0,1,1
17.5155,0.5138,0,0,probe_records,probe,0,0,1,1
17.5173,0.5124,0,0,probe_timetable,probe,0,0,1,1
17.5194,0.5106,0,0,probe_payment,probe,0,0,1,1
17.5217,0.5085,0,0,student_read,load,0,0,1,1
17.5599,0.503,0,0,timetable,load,0,0,1,1
17.6062,0.5163,0,0,payment,load,0,0,1,1
17.6689,0.5146,0,0,timetable,load,0,0,1,1
17.7163,0.5138,0,0,grade,load,0,0,1,1
17.7646,0.5133,0,0,probe_student,probe,0,0,1,1
17.7666,0.5124,0,0,probe_records,probe,0,0,1,1
17.7702,0.5094,0,0,probe_timetable,probe,0,0,1,1
17.773,0.5075,0,0,probe_payment,probe,0,0,1,1
17.7751,0.5068,0,0,payment,load,0,0,1,1
17.8103,0.5136,0,0,transcript,load,0,0,1,1
17.8722,0.5134,0,0,payment,load,0,0,1,1
17.9183,0.5142,0,0,enroll,load,0,0,1,1
17.966,0.5123,0,0,balance,load,0,0,1,1
18.0131,0.527,0,0,probe_student,probe,0,0,1,1
18.0147,0.5259,0,0,probe_records,probe,0,0,1,1
18.0186,0.5225,0,0,probe_timetable,probe,0,0,1,1
18.0206,0.5212,0,0,probe_payment,probe,0,0,1,1
18.0228,0.5199,0,0,enroll,load,0,0,1,1
18.0593,0.5135,0,0,timetable,load,0,0,1,1
18.1061,0.5119,0,0,grade,load,0,0,1,1
18.1679,0.5122,0,0,timetable,load,0,0,1,1
18.2139,0.512,0,0,transcript,load,0,0,1,1
18.2611,0.5127,0,0,probe_student,probe,0,0,1,1
18.2626,0.5117,0,0,probe_records,probe,0,0,1,1
18.2641,0.5108,0,0,probe_timetable,probe,0,0,1,1
18.2658,0.5098,0,0,probe_payment,probe,0,0,1,1
18.2679,0.5085,0,0,timetable,load,0,0,1,1
18.3069,0.5162,0,0,payment,load,0,0,1,1
18.3695,0.5159,0,0,grade,load,0,0,1,1
18.4162,0.5018,0,0,payment,load,0,0,1,1
18.4623,0.5152,0,0,payment,load,0,0,1,1
18.5083,0.5154,0,0,probe_student,probe,0,0,1,1
18.51,0.5142,0,0,probe_records,probe,0,0,1,1
18.5116,0.5134,0,0,probe_timetable,probe,0,0,1,1
18.5129,0.513,0,0,probe_payment,probe,0,0,1,1
18.5147,0.5119,0,0,student_read,load,0,0,1,1
18.5703,0.5051,0,0,student_read,load,0,0,1,1
18.6164,0.5036,0,0,payment,load,0,0,1,1
18.6636,0.5038,0,0,balance,load,0,0,1,1
18.7095,0.5052,0,0,balance,load,0,0,1,1
18.7571,0.5128,0,0,probe_student,probe,0,0,1,1
18.7585,0.512,0,0,probe_records,probe,0,0,1,1
18.7597,0.5113,0,0,probe_timetable,probe,0,0,1,1
18.7615,0.5103,0,0,probe_payment,probe,0,0,1,1
18.7629,0.5097,0,0,enroll,load,0,0,1,1
18.8209,0.5032,0,0,timetable,load,0,0,1,1
18.8692,0.514,0,0,payment,load,0,0,1,1
18.9151,0.5148,0,0,balance,load,0,0,1,1
18.9617,0.5146,0,0,balance,load,0,0,1,1
19.0072,0.5116,0,0,probe_student,probe,0,0,1,1
19.0083,0.5114,0,0,probe_records,probe,0,0,1,1
19.0091,0.511,0,0,probe_timetable,probe,0,0,1,1
19.0105,0.5101,0,0,probe_payment,probe,0,0,1,1
19.0119,0.5092,0,0,student_read,load,0,0,1,1
19.0714,0.5147,0,0,transcript,load,0,0,1,1
19.118,0.5149,0,0,student_read,load,0,0,1,1
19.1653,0.5142,0,0,payment,load,0,0,1,1
19.212,0.513,0,0,payment,load,0,0,1,1
19.2584,0.5134,0,0,probe_student,probe,0,0,1,1
19.2597,0.5129,0,0,probe_records,probe,0,0,1,1
19.2612,0.512,0,0,probe_timetable,probe,0,0,1,1
19.2627,0.5109,0,0,probe_payment,probe,0,0,1,1
19.2644,0.5097,0,0,transcript,load,0,0,1,1
19.3211,0.5122,0,0,balance,load,0,0,1,1
19.3666,0.5136,0,0,student_read,load,0,0,1,1
19.4133,0.5139,0,0,transcript,load,0,0,1,1
19.4599,0.5129,0,0,student_read,load,0,0,1,1
19.5062,0.5109,0,0,probe_student,probe,0,0,1,1
19.5074,0.5105,0,0,probe_records,probe,0,0,1,1
19.5091,0.5098,0,0,probe_timetable,probe,0,0,1,1
19.5117,0.5079,0,0,probe_payment,probe,0,0,1,1
19.5141,0.5062,0,0,student_read,load,0,0,1,1
19.5695,0.5145,0,0,student_read,load,0,0,1,1
19.617,0.5149,0,0,timetable,load,0,0,1,1
19.6627,0.5038,0,0,transcript,load,0,0,1,1
19.709,0.517,0,0,timetable,load,0,0,1,1
19.7553,0.5175,0,0,probe_student,probe,0,0,1,1
19.7578,0.5159,0,0,probe_records,probe,0,0,1,1
19.7595,0.5149,0,0,probe_timetable,probe,0,0,1,1
19.7614,0.5138,0,0,probe_payment,probe,0,0,1,1
19.7671,0.5089,0,0,transcript,load,0,0,1,1
19.8164,0.5037,0,0,timetable,load,0,0,1,1
19.8628,0.5165,0,0,payment,load,0,0,1,1
19.9106,0.5166,0,0,balance,load,0,0,1,1
19.9568,0.5038,0,0,transcript,load,0,0,1,1
20.0036,0.515,0,0,probe_student,probe,0,0,1,1
20.0057,0.5138,0,0,probe_records,probe,0,0,1,1
20.0077,0.5122,0,0,probe_timetable,probe,0,0,1,1
20.0096,0.5108,0,0,probe_payment,probe,0,0,1,1
20.0132,0.5082,0,0,student_read,load,0,0,1,1
20.0671,0.5153,0,0,enroll,load,0,0,1,1
20.1153,0.514,0,0,student_read,load,0,0,1,1
20.1626,0.5133,0,0,student_read,load,0,0,1,1
20.2094,0.5129,0,0,transcript,load,0,0,1,1
20.2563,0.5102,0,0,probe_student,probe,0,0,1,1
20.2576,0.5096,0,0,probe_records,probe,0,0,1,1
20.2589,0.509,0,0,probe_timetable,probe,0,0,1,1
20.261,0.5073,0,0,probe_payment,probe,0,0,1,1
20.2625,0.5064,0,0,payment,load,0,0,1,1
20.3175,0.513,0,0,payment,load,0,0,1,1
20.3633,0.5128,0,0,transcript,load,0,0,1,1
20.4101,0.5121,0,0,student_read,load,0,0,1,1
20.4573,0.5142,0,0,student_read,load,0,0,1,1
20.504,0.5136,0,0,probe_student,probe,0,0,1,1
20.5071,0.5113,0,0,probe_records,probe,0,0,1,1
20.5091,0.5101,0,0,probe_timetable,probe,0,0,1,1
20.5113,0.5087,0,0,probe_payment,probe,0,0,1,1
20.5152,0.506,0,0,timetable,load,0,0,1,1
20.5664,0.5127,0,0,timetable,load,0,0,1,1
20.6125,0.5142,0,0,transcript,load,0,0,1,1
20.6597,0.513,0,0,timetable,load,0,0,1,1
20.7062,0.5163,0,0,transcript,load,0,0,1,1
20.7522,0.5105,0,0,probe_student,probe,0,0,1,1
20.7544,0.5089,0,0,probe_records,probe,0,0,1,1
20.7562,0.5074,0,0,probe_timetable,probe,0,0,1,1
20.7577,0.5064,0,0,probe_payment,probe,0,0,1,1
20.7608,0.504,0,0,transcript,load,0,0,1,1
20.8149,0.5149,0,0,transcript,load,0,0,1,1
20.8601,0.5028,0,0,payment,load,0,0,1,1
20.9063,0.5027,0,0,timetable,load,0,0,1,1
20.9695,0.5149,0,0,enroll,load,0,0,1,1
21.001,0.5225,0,0,probe_student,probe,0,0,1,1
21.0027,0.5212,0,0,probe_records,probe,0,0,1,1
21.0049,0.5195,0,0,probe_timetable,probe,0,0,1,1
21.0069,0.5179,0,0,probe_payment,probe,0,0,1,1
21.0102,0.5148,0,0,balance,load,0,0,1,1
21.0623,0.5154,0,0,student_read,load,0,0,1,1
21.1102,0.513,0,0,balance,load,0,0,1,1
21.1569,0.5137,0,0,payment,load,0,0,1,1
21.2193,0.5118,0,0,student_read,load,0,0,1,1
21.2504,0.523,0,0,probe_student,probe,0,0,1,1
21.2516,0.5224,0,0,probe_records,probe,0,0,1,1
21.2533,0.5213,0,0,probe_timetable,probe,0,0,1,1
21.2554,0.52,0,0,probe_payment,probe,0,0,1,1
21.2591,0.5181,0,0,balance,load,0,0,1,1
21.3135,0.5108,0,0,transcript,load,0,0,1,1
21.3599,0.5157,0,0,payment,load,0,0,1,1
21.4065,0.5146,0,0,payment,load,0,0,1,1
21.4679,0.5144,0,0,transcript,load,0,0,1,1
21.5157,0.5149,0,0,probe_student,probe,0,0,1,1
21.5167,0.5143,0,0,probe_records,probe,0,0,1,1
21.5179,0.5134,0,0,probe_timetable,probe,0,0,1,1
21.5193,0.5124,0,0,probe_payment,probe,0,0,1,1
21.5205,0.5115,0,0,student_read,load,0,0,1,1
21.5607,0.5028,0,0,transcript,load,0,0,1,1
21.6073,0.5033,0,0,payment,load,0,0,1,1
21.6686,0.504,0,0,payment,load,0,0,1,1
21.7148,0.5049,0,0,enroll,load,0,0,1,1
21.7617,0.5172,0,0,probe_student,probe,0,0,1,1
21.7633,0.5164,0,0,probe_records,probe,0,0,1,1
21.7653,0.5148,0,0,probe_timetable,probe,0,0,1,1
21.7674,0.5131,0,0,probe_payment,probe,0,0,1,1
21.7701,0.5111,0,0,transcript,load,0,0,1,1
21.8078,0.505,0,0,enroll,load,0,0,1,1
21.8697,0.5198,0,0,timetable,load,0,0,1,1
21.9177,0.5055,0,0,transcript,load,0,0,1,1
21.9649,0.5055,0,0,student_read,load,0,0,1,1
22.0132,0.514,0,0,probe_student,probe,0,0,1,1
22.0144,0.5136,0,0,probe_records,probe,0,0,1,1
22.0152,0.5134,0,0,probe_timetable,probe,0,0,1,1
22.0164,0.5129,0,0,probe_payment,probe,0,0,1,1
22.018,0.5136,0,0,balance,load,0,0,1,1
22.0603,0.5044,0,0,payment,load,0,0,1,1
22.1076,0.504,0,0,enroll,load,0,0,1,1
22.1704,0.5031,0,0,timetable,load,0,0,1,1
22.2174,0.5046,0,0,student_read,load,0,0,1,1
22.264,0.5181,0,0,probe_student,probe,0,0,1,1
22.2654,0.5175,0,0,probe_records,probe,0,0,1,1
22.2677,0.516,0,0,probe_timetable,probe,0,0,1,1
22.2698,0.5145,0,0,probe_payment,probe,0,0,1,1
22.2735,0.5114,0,0,payment,load,0,0,1,1
22.3113,0.5024,0,0,balance,load,0,0,1,1
22.3579,0.5167,0,0,transcript,load,0,0,1,1
22.4204,0.5029,0,0,student_read,load,0,0,1,1
22.4681,0.5032,0,0,balance,load,0,0,1,1
22.5152,0.5094,0,0,probe_student,probe,0,0,1,1
22.517,0.5084,0,0,probe_records,probe,0,0,1,1
22.5193,0.507,0,0,probe_timetable,probe,0,0,1,1
22.5209,0.5061,0,0,probe_payment,probe,0,0,1,1
22.5222,0.5056,0,0,timetable,load,0,0,1,1
22.5622,0.5146,0,0,balance,load,0,0,1,1
22.6099,0.5137,0,0,student_read,load,0,0,1,1
22.657,0.5154,0,0,balance,load,0,0,1,1
22.7196,0.5116,0,0,student_read,load,0,0,1,1
22.765,0.5125,0,0,probe_student,probe,0,0,1,1
22.7667,0.5117,0,0,probe_records,probe,0,0,1,1
22.7683,0.5107,0,0,probe_timetable,probe,0,0,1,1
22.7698,0.5097,0,0,probe_payment,probe,0,0,1,1
22.771,0.509,0,0,payment,load,0,0,1,1
22.8108,0.5103,0,0,transcript,load,0,0,1,1
22.8577,0.5171,0,0,timetable,load,0,0,1,1
22.9203,0.5138,0,0,payment,load,0,0,1,1
22.9665,0.514,0,0,payment,load,0,0,1,1
23.014,0.5113,0,0,probe_student,probe,0,0,1,1
23.0153,0.5116,0,0,probe_records,probe,0,0,1,1
23.0173,0.5104,0,0,probe_timetable,probe,0,0,1,1
23.0196,0.5087,0,0,probe_payment,probe,0,0,1,1
23.021,0.5091,0,0,payment,load,0,0,1,1
23.0608,0.5132,0,0,timetable,load,0,0,1,1
23.1067,0.5162,0,0,payment,load,0,0,1,1
23.1677,0.5143,0,0,transcript,load,0,0,1,1
23.2151,0.513,0,0,timetable,load,0,0,1,1
23.2618,0.5292,0,0,probe_student,probe,0,0,1,1
23.2644,0.527,0,0,probe_records,probe,0,0,1,1
23.2665,0.5259,0,0,probe_timetable,probe,0,0,1,1
23.2685,0.5249,0,0,probe_payment,probe,0,0,1,1
23.2719,0.5224,0,0,transcript,load,0,0,1,1
23.3084,0.5158,0,0,transcript,load,0,0,1,1
23.3719,0.5138,0,0,student_read,load,0,0,1,1
23.4179,0.5165,0,0,student_read,load,0,0,1,1
23.4642,0.5133,0,0,enroll,load,0,0,1,1
23.5111,0.5121,0,0,probe_student,probe,0,0,1,1
23.5142,0.5099,0,0,probe_records,probe,0,0,1,1
23.5158,0.509,0,0,probe_timetable,probe,0,0,1,1
23.5177,0.5076,0,0,probe_payment,probe,0,0,1,1
23.52,0.5059,0,0,enroll,load,0,0,1,1
23.5579,0.515,0,0,transcript,load,0,0,1,1
23.6199,0.5131,0,0,student_read,load,0,0,1,1
23.6659,0.5137,0,0,student_read,load,0,0,1,1
23.712,0.5082,0,0,enroll,load,0,0,1,1
23.7589,0.5192,0,0,probe_student,probe,0,0,1,1
23.7607,0.5182,0,0,probe_records,probe,0,0,1,1
23.7617,0.5179,0,0,probe_timetable,probe,0,0,1,1
23.7633,0.5175,0,0,probe_payment,probe,0,0,1,1
23.7652,0.5168,0,0,balance,load,0,0,1,1
23.8212,0.5042,0,0,enroll,load,0,0,1,1
23.8681,0.509,0,0,transcript,load,0,0,1,1
23.915,0.5117,0,0,timetable,load,0,0,1,1
23.9615,0.5081,0,0,timetable,load,0,0,1,1
24.0077,0.521,0,0,probe_student,probe,0,0,1,1
24.0094,0.5202,0,0,probe_records,probe,0,0,1,1
24.012,0.5185,0,0,probe_timetable,probe,0,0,1,1
24.0142,0.5172,0,0,probe_payment,probe,0,0,1,1
24.0156,0.5167,0,0,student_read,load,0,0,1,1
24.0699,0.037,1,200,enroll,load,0,0,1,1
24.1071,0.0136,1,200,enroll,load,0,0,1,1
24.1637,0.0305,1,200,transcript,load,0,0,1,1
24.209,0.0106,1,200,student_read,load,0,0,1,1
24.2556,0.022,1,200,probe_student,probe,0,0,1,1
24.2573,0.0434,1,200,probe_records,probe,0,0,1,1
24.2588,0.0853,1,200,probe_timetable,probe,0,0,1,1
24.2604,0.0639,1,200,probe_payment,probe,0,0,1,1
24.2645,0.049,1,200,grade,load,0,0,1,1
24.3103,0.0204,1,200,transcript,load,0,0,1,1
24.3659,0.0104,1,200,balance,load,0,0,1,1
24.4122,0.0134,1,200,transcript,load,0,0,1,1
24.4571,0.0117,1,200,transcript,load,0,0,1,1
24.5051,0.0356,1,200,probe_student,probe,0,0,1,1
24.5061,0.04,1,200,probe_records,probe,0,0,1,1
24.5072,0.0466,1,200,probe_timetable,probe,0,0,1,1
24.5185,0.0376,1,200,probe_payment,probe,0,0,1,1
24.5238,0.0263,1,200,student_read,load,0,0,1,1
24.5563,0.0115,1,200,transcript,load,0,0,1,1
24.6134,0.0147,1,200,enroll,load,0,0,1,1
24.6605,0.0132,1,200,timetable,load,0,0,1,1
24.7073,0.009,1,200,balance,load,0,0,1,1
24.7529,0.0179,1,200,probe_student,probe,0,0,1,1
24.7543,0.0199,1,200,probe_records,probe,0,0,1,1
24.7558,0.0496,1,200,probe_timetable,probe,0,0,1,1
24.7569,0.0476,1,200,probe_payment,probe,0,0,1,1
24.7592,0.0302,1,200,grade,load,0,0,1,1
24.8147,0.0181,1,200,grade,load,0,0,1,1
24.8599,0.0093,1,200,balance,load,0,0,1,1
24.9064,0.0081,1,200,student_read,load,0,0,1,1
24.9687,0.0136,1,200,enroll,load,0,0,1,1
25.0144,0.0201,1,200,probe_student,probe,0,0,1,1
25.0156,0.0239,1,200,probe_records,probe,0,0,1,1
25.0168,0.0324,1,200,probe_timetable,probe,0,0,1,1
25.0185,0.028,1,200,probe_payment,probe,0,0,1,1
25.0198,0.0237,1,200,timetable,load,0,0,1,1
25.0604,0.0111,1,200,transcript,load,0,0,1,1
25.1071,0.0217,1,200,payment,load,0,0,1,1
25.1703,0.0143,1,200,timetable,load,0,0,1,1
25.2168,0.0085,1,200,student_read,load,0,0,1,1
25.2639,0.0214,1,200,probe_student,probe,0,0,1,1
25.2654,0.0263,1,200,probe_records,probe,0,0,1,1
25.2668,0.0319,1,200,probe_timetable,probe,0,0,1,1
25.268,0.0285,1,200,probe_payment,probe,0,0,1,1
25.2689,0.0209,1,200,balance,load,0,0,1,1
25.311,0.0133,1,200,enroll,load,0,0,1,1
25.3575,0.0108,1,200,transcript,load,0,0,1,1
25.4191,0.0121,1,200,timetable,load,0,0,1,1
25.4665,0.0251,1,200,payment,load,0,0,1,1
25.5143,0.0186,1,200,probe_student,probe,0,0,1,1
25.5157,0.0208,1,200,probe_records,probe,0,0,1,1
25.5164,0.0297,1,200,probe_timetable,probe,0,0,1,1
25.5173,0.0264,1,200,probe_payment,probe,0,0,1,1
25.5192,0.022,1,200,transcript,load,0,0,1,1
25.5608,0.0213,1,200,payment,load,0,0,1,1
25.6072,0.0199,1,200,payment,load,0,0,1,1
25.6689,0.0113,1,200,transcript,load,0,0,1,1
25.7162,0.009,1,200,balance,load,0,0,1,1
25.7635,0.0201,1,200,probe_student,probe,0,0,1,1
25.7653,0.0231,1,200,probe_records,probe,0,0,1,1
25.7664,0.0311,1,200,probe_timetable,probe,0,0,1,1
25.7677,0.0273,1,200,probe_payment,probe,0,0,1,1
25.7688,0.0215,1,200,student_read,load,0,0,1,1
25.8092,0.0093,1,200,student_read,load,0,0,1,1
25.8562,0.0113,1,200,transcript,load,0,0,1,1
25.9175,0.0223,1,200,payment,load,0,0,1,1
25.9639,0.0097,1,200,balance,load,0,0,1,1
26.0114,0.0186,1,200,probe_student,probe,0,0,1,1
26.0124,0.0223,1,200,probe_records,probe,0,0,1,1
26.0134,0.0304,1,200,probe_timetable,probe,0,0,1,1
26.0143,0.0284,1,200,probe_payment,probe,0,0,1,1
26.0156,0.0251,1,200,transcript,load,0,0,1,1
26.0574,0.0215,1,200,payment,load,0,0,1,1
26.1185,0.0115,1,200,timetable,load,0,0,1,1
26.165,0.01,1,200,balance,load,0,0,1,1
26.2106,0.0142,1,200,timetable,load,0,0,1,1
26.2575,0.0271,1,200,probe_student,probe,0,0,1,1
26.2588,0.0323,1,200,probe_records,probe,0,0,1,1
26.2603,0.0404,1,200,probe_timetable,probe,0,0,1,1
26.262,0.0365,1,200,probe_payment,probe,0,0,1,1
26.2637,0.0258,1,200,balance,load,0,0,1,1
26.3198,0.0255,1,200,payment,load,0,0,1,1
26.3661,0.0219,1,200,grade,load,0,0,1,1
26.4119,0.0137,1,200,timetable,load,0,0,1,1
26.4585,0.0103,1,200,student_read,load,0,0,1,1
26.505,0.0236,1,200,probe_student,probe,0,0,1,1
26.5061,0.0313,1,200,probe_records,probe,0,0,1,1
26.5071,0.037,1,200,probe_timetable,probe,0,0,1,1
26.5088,0.0375,1,200,probe_payment,probe,0,0,1,1
26.5115,0.0304,1,200,transcript,load,0,0,1,1
26.5682,0.0103,1,200,student_read,load,0,0,1,1
26.6149,0.0106,1,200,student_read,load,0,0,1,1
26.6621,0.0151,1,200,transcript,load,0,0,1,1
26.7081,0.0246,1,200,payment,load,0,0,1,1
26.7552,0.0191,1,200,probe_student,probe,0,0,1,1
26.7561,0.0252,1,200,probe_records,probe,0,0,1,1
26.7569,0.0312,1,200,probe_timetable,probe,0,0,1,1
26.7577,0.0329,1,200,probe_payment,probe,0,0,1,1
26.7598,0.0251,1,200,transcript,load,0,0,1,1
26.8165,0.0103,1,200,balance,load,0,0,1,1
26.8626,0.0122,1,200,timetable,load,0,0,1,1
26.9091,0.0102,1,200,student_read,load,0,0,1,1
26.9564,0.0103,1,200,enroll,load,0,0,1,1
27.002,0.024,1,200,probe_student,probe,0,0,1,1
27.0047,0.03,1,200,probe_records,probe,0,0,1,1
27.0064,0.0495,1,200,probe_timetable,probe,0,0,1,1
27.0081,0.0453,1,200,probe_payment,probe,0,0,1,1
27.0122,0.0361,1,200,payment,load,0,0,1,1
27.056,0.0099,1,200,student_read,load,0,0,1,1
27.1093,0.0129,1,200,timetable,load,0,0,1,1
27.1563,0.0113,1,200,student_read,load,0,0,1,1
27.2193,0.016,1,200,enroll,load,0,0,1,1
27.2641,0.0208,1,200,probe_student,probe,0,0,1,1
27.2652,0.0279,1,200,probe_records,probe,0,0,1,1
27.2661,0.035,1,200,probe_timetable,probe,0,0,1,1
27.2672,0.0301,1,200,probe_payment,probe,0,0,1,1
27.2681,0.0269,1,200,student_read,load,0,0,1,1
27.3104,0.0215,1,200,grade,load,0,0,1,1
27.3572,0.0137,1,200,transcript,load,0,0,1,1
27.4186,0.0137,1,200,timetable,load,0,0,1,1
27.465,0.025,1,200,payment,load,0,0,1,1
27.512,0.0211,1,200,probe_student,probe,0,0,1,1
27.5132,0.0319,1,200,probe_records,probe,0,0,1,1
27.5141,0.0334,1,200,probe_timetable,probe,0,0,1,1
27.5149,0.0346,1,200,probe_payment,probe,0,0,1,1
27.5159,0.0288,1,200,transcript,load,0,0,1,1
27.558,0.0122,1,200,balance,load,0,0,1,1
27.6206,0.0136,1,200,timetable,load,0,0,1,1
27.6661,0.0131,1,200,enroll,load,0,0,1,1
27.7119,0.0267,1,200,payment,load,0,0,1,1
27.7587,0.0206,1,200,probe_student,probe,0,0,1,1
27.7606,0.0557,1,200,probe_records,probe,0,0,1,1
27.7621,0.057,1,200,probe_timetable,probe,0,0,1,1
27.7631,0.0539,1,200,probe_payment,probe,0,0,1,1
27.7644,0.0343,1,200,payment,load,0,0,1,1
27.8122,0.0273,1,200,payment,load,0,0,1,1
27.8672,0.0236,1,200,payment,load,0,0,1,1
27.9132,0.0133,1,200,timetable,load,0,0,1,1
27.9602,0.0168,1,200,timetable,load,0,0,1,1
28.0063,0.0237,1,200,probe_student,probe,0,0,1,1
28.0076,0.0359,1,200,probe_records,probe,0,0,1,1
28.009,0.0403,1,200,probe_timetable,probe,0,0,1,1
28.0112,0.0397,1,200,probe_payment,probe,0,0,1,1
28.0129,0.0334,1,200,transcript,load,0,0,1,1
28.0698,0.0137,1,200,timetable,load,0,0,1,1
28.1164,0.0123,1,200,student_read,load,0,0,1,1
28.1624,0.0149,1,200,transcript,load,0,0,1,1
28.2083,0.0139,1,200,transcript,load,0,0,1,1
28.2553,0.024,1,200,probe_student,probe,0,0,1,1
28.2565,0.0341,1,200,probe_records,probe,0,0,1,1
28.2579,0.0373,1,200,probe_timetable,probe,0,0,1,1
28.2595,0.0382,1,200,probe_payment,probe,0,0,1,1
28.2645,0.0284,1,200,transcript,load,0,0,1,1
28.3174,0.0124,1,200,transcript,load,0,0,1,1
28.3631,0.0204,1,200,grade,load,0,0,1,1
28.4102,0.0146,1,200,timetable,load,0,0,1,1
28.4563,0.011,1,200,balance,load,0,0,1,1
28.5032,0.0215,1,200,probe_student,probe,0,0,1,1
28.5046,0.0294,1,200,probe_records,probe,0,0,1,1
28.5057,0.0412,1,200,probe_timetable,probe,0,0,1,1
28.5067,0.0367,1,200,probe_payment,probe,0,0,1,1
28.509,0.0281,1,200,student_read,load,0,0,1,1
28.5652,0.0112,1,200,balance,load,0,0,1,1
28.6113,0.0149,1,200,timetable,load,0,0,1,1
28.6573,0.0136,1,200,timetable,load,0,0,1,1
28.7206,0.0129,1,200,transcript,load,0,0,1,1
28.7505,0.0251,1,200,probe_student,probe,0,0,1,1
28.7518,0.0373,1,200,probe_records,probe,0,0,1,1
28.7537,0.0378,1,200,probe_timetable,probe,0,0,1,1
28.7556,0.0378,1,200,probe_payment,probe,0,0,1,1
28.7592,0.0274,1,200,balance,load,0,0,1,1
28.8125,0.0256,1,200,payment,load,0,0,1,1
28.8595,0.0151,1,200,transcript,load,0,0,1,1
28.9061,0.0148,1,200,transcript,load,0,0,1,1
28.9666,0.0284,1,200,payment,load,0,0,1,1
29.0135,0.0261,1,200,probe_student,probe,0,0,1,1
29.016,0.034,1,200,probe_records,probe,0,0,1,1
29.0188,0.0518,1,200,probe_timetable,probe,0,0,1,1
29.0203,0.0461,1,200,probe_payment,probe,0,0,1,1
29.0215,0.0403,1,200,payment,load,0,0,1,1
29.0586,0.0197,1,200,transcript,load,0,0,1,1
29.1076,0.0198,1,200,grade,load,0,0,1,1
29.1705,0.0103,1,200,student_read,load,0,0,1,1
29.2164,0.0148,1,200,timetable,load,0,0,1,1
29.2637,0.0243,1,200,probe_student,probe,0,0,1,1
29.2649,0.0294,1,200,probe_records,probe,0,0,1,1
29.2663,0.0405,1,200,probe_timetable,probe,0,0,1,1
29.2688,0.0359,1,200,probe_payment,probe,0,0,1,1
29.2709,0.0286,1,200,timetable,load,0,0,1,1
29.3069,0.0133,1,200,transcript,load,0,0,1,1
29.3571,0.0162,1,200,enroll,load,0,0,1,1
29.4189,0.0134,1,200,transcript,load,0,0,1,1
29.4648,0.0106,1,200,student_read,load,0,0,1,1
29.5112,0.0171,1,200,probe_student,probe,0,0,1,1
29.5123,0.0276,1,200,probe_records,probe,0,0,1,1
29.513,0.0345,1,200,probe_timetable,probe,0,0,1,1
29.514,0.0314,1,200,probe_payment,probe,0,0,1,1
29.5149,0.028,1,200,transcript,load,0,0,1,1
29.5577,0.0159,1,200,enroll,load,0,0,1,1
29.6198,0.0135,1,200,transcript,load,0,0,1,1
29.6663,0.0116,1,200,student_read,load,0,0,1,1
29.7128,0.0108,1,200,balance,load,0,0,1,1
29.7594,0.0252,1,200,probe_student,probe,0,0,1,1
29.7613,0.0335,1,200,probe_records,probe,0,0,1,1
29.763,0.0387,1,200,probe_timetable,probe,0,0,1,1
29.7645,0.0485,1,200,probe_payment,probe,0,0,1,1
29.7663,0.0326,1,200,enroll,load,0,0,1,1
29.81,0.0144,1,200,transcript,load,0,0,1,1
29.8693,0.0145,1,200,timetable,load,0,0,1,1
29.9169,0.0259,1,200,payment,load,0,0,1,1
29.9632,0.0267,1,200,payment,load,0,0,1,1
30.0097,0.0242,1,200,probe_student,probe,0,0,1,1
30.0111,0.0324,1,200,probe_records,probe,0,0,1,1
30.0119,0.0353,1,200,probe_timetable,probe,0,0,1,1
30.0135,0.036,1,200,probe_payment,probe,0,0,1,1
30.0149,0.0264,1,200,student_read,load,0,0,1,1
30.0704,0.0109,1,200,student_read,load,0,0,1,1
30.1171,0.0102,1,200,student_read,load,0,0,1,1
30.1627,0.0105,1,200,student_read,load,0,0,1,1
30.2091,0.0154,1,200,enroll,load,0,0,1,1
30.2548,0.023,1,200,probe_student,probe,0,0,1,1
30.2564,0.0288,1,200,probe_records,probe,0,0,1,1
30.2577,0.0501,1,200,probe_timetable,probe,0,0,1,1
30.259,0.0466,1,200,probe_payment,probe,0,0,1,1
30.2636,0.0345,1,200,payment,load,0,0,1,1
30.308,0.0128,1,200,transcript,load,0,0,1,1
30.3625,0.0136,1,200,transcript,load,0,0,1,1
30.4084,0.0203,1,200,grade,load,0,0,1,1
30.4703,0.0251,1,200,payment,load,0,0,1,1
30.5015,0.0237,1,200,probe_student,probe,0,0,1,1
30.5035,0.0329,1,200,probe_records,probe,0,0,1,1
30.5053,0.0403,1,200,probe_timetable,probe,0,0,1,1
30.507,0.0364,1,200,probe_payment,probe,0,0,1,1
30.5103,0.0226,1,200,student_read,load,0,0,1,1
30.5637,0.0121,1,200,transcript,load,0,0,1,1
30.6106,0.0138,1,200,transcript,load,0,0,1,1
30.6575,0.0108,1,200,student_read,load,0,0,1,1
30.719,0.0287,1,200,payment,load,0,0,1,1
30.7503,0.0171,1,200,probe_student,probe,0,0,1,1
30.7513,0.0248,1,200,probe_records,probe,0,0,1,1
30.7522,0.0288,1,200,probe_timetable,probe,0,0,1,1
30.7534,0.0297,1,200,probe_payment,probe,0,0,1,1
30.7597,0.0377,1,200,payment,load,0,0,1,1
30.8127,0.0248,1,200,payment,load,0,0,1,1
30.8601,0.0137,1,200,transcript,load,0,0,1,1
30.9212,0.0128,1,200,transcript,load,0,0,1,1
30.9672,0.0262,1,200,payment,load,0,0,1,1
31.0134,0.0219,1,200,probe_student,probe,0,0,1,1
31.0151,0.0506,1,200,probe_records,probe,0,0,1,1
31.0164,0.0374,1,200,probe_timetable,probe,0,0,1,1
31.0179,0.0327,1,200,probe_payment,probe,0,0,1,1
31.0199,0.0293,1,200,enroll,load,0,0,1,1
31.0592,0.0164,1,200,timetable,load,0,0,1,1
31.1062,0.0137,1,200,timetable,load,0,0,1,1
31.168,0.0264,1,200,payment,load,0,0,1,1
31.214,0.0167,1,200,enroll,load,0,0,1,1
31.2605,0.0223,1,200,probe_student,probe,0,0,1,1
31.2623,0.0329,1,200,probe_records,probe,0,0,1,1
31.2638,0.0401,1,200,probe_timetable,probe,0,0,1,1
31.2652,0.0365,1,200,probe_payment,probe,0,0,1,1
31.2668,0.0306,1,200,timetable,load,0,0,1,1
31.307,0.0229,1,200,grade,load,0,0,1,1
31.3689,0.0127,1,200,transcript,load,0,0,1,1
31.4143,0.0143,1,200,timetable,load,0,0,1,1
31.4599,0.0264,1,200,payment,load,0,0,1,1
31.5063,0.0217,1,200,probe_student,probe,0,0,1,1
31.5081,0.0312,1,200,probe_records,probe,0,0,1,1
31.5093,0.0372,1,200,probe_timetable,probe,0,0,1,1
31.5106,0.0327,1,200,probe_payment,probe,0,0,1,1
31.5122,0.0289,1,200,student_read,load,0,0,1,1
31.5683,0.0251,1,200,payment,load,0,0,1,1
31.6137,0.0136,1,200,transcript,load,0,0,1,1
31.6598,0.0142,1,200,transcript,load,0,0,1,1
31.7214,0.0258,1,200,payment,load,0,0,1,1
31.7531,0.0195,1,200,probe_student,probe,0,0,1,1
31.7543,0.0279,1,200,probe_records,probe,0,0,1,1
31.7555,0.0512,1,200,probe_timetable,probe,0,0,1,1
31.7566,0.03,1,200,probe_payment,probe,0,0,1,1
31.7589,0.0425,1,200,payment,load,0,0,1,1
31.8068,0.011,1,200,student_read,load,0,0,1,1
31.8622,0.0207,1,200,grade,load,0,0,1,1
31.9084,0.0126,1,200,student_read,load,0,0,1,1
31.9699,0.0132,1,200,timetable,load,0,0,1,1
32.0007,0.0225,1,200,probe_student,probe,0,0,1,1
32.0021,0.0292,1,200,probe_records,probe,0,0,1,1
32.0038,0.04,1,200,probe_timetable,probe,0,0,1,1
32.0052,0.0372,1,200,probe_payment,probe,0,0,1,1
32.0076,0.029,1,200,transcript,load,0,0,1,1
32.0636,0.0098,1,200,balance,load,0,0,1,1
32.1093,0.0136,1,200,timetable,load,0,0,1,1
32.1702,0.0145,1,200,timetable,load,0,0,1,1
32.2169,0.0174,1,200,enroll,load,0,0,1,1
32.2636,0.0244,1,200,probe_student,probe,0,0,1,1
32.2647,0.0355,1,200,probe_records,probe,0,0,1,1
32.2661,0.0513,1,200,probe_timetable,probe,0,0,1,1
32.2679,0.0474,1,200,probe_payment,probe,0,0,1,1
32.2696,0.0437,1,200,grade,load,0,0,1,1
32.3097,0.0238,1,200,grade,load,0,0,1,1
32.3706,0.0182,1,200,enroll,load,0,0,1,1
32.4188,0.0175,1,200,enroll,load,0,0,1,1
32.465,0.0122,1,200,student_read,load,0,0,1,1
32.5123,0.0252,1,200,probe_student,probe,0,0,1,1
32.5144,0.0322,1,200,probe_records,probe,0,0,1,1
32.516,0.0451,1,200,probe_timetable,probe,0,0,1,1
32.5175,0.0399,1,200,probe_payment,probe,0,0,1,1
32.5192,0.0361,1,200,grade,load,0,0,1,1
32.5575,0.0273,1,200,payment,load,0,0,1,1
32.6198,0.017,1,200,enroll,load,0,0,1,1
32.6663,0.014,1,200,timetable,load,0,0,1,1
32.7124,0.0229,1,200,grade,load,0,0,1,1
32.759,0.0248,1,200,probe_student,probe,0,0,1,1
32.7609,0.0354,1,200,probe_records,probe,0,0,1,1
32.7627,0.0377,1,200,probe_timetable,probe,0,0,1,1
32.7641,0.0355,1,200,probe_payment,probe,0,0,1,1
32.7655,0.0299,1,200,student_read,load,0,0,1,1
32.8213,0.0116,1,200,student_read,load,0,0,1,1
32.8679,0.0142,1,200,transcript,load,0,0,1,1
32.9148,0.0131,1,200,transcript,load,0,0,1,1
32.9617,0.0159,1,200,enroll,load,0,0,1,1
33.0083,0.0227,1,200,probe_student,probe,0,0,1,1
33.0101,0.0358,1,200,probe_records,probe,0,0,1,1
33.0119,0.0418,1,200,probe_timetable,probe,0,0,1,1
33.0136,0.0354,1,200,probe_payment,probe,0,0,1,1
33.0156,0.0283,1,200,student_read,load,0,0,1,1
33.0704,0.0191,1,200,grade,load,0,0,1,1
33.1161,0.0135,1,200,timetable,load,0,0,1,1
33.1632,0.0254,1,200,payment,load,0,0,1,1
33.2108,0.025,1,200,payment,load,0,0,1,1
33.2567,0.0264,1,200,probe_student,probe,0,0,1,1
33.2582,0.0298,1,200,probe_records,probe,0,0,1,1
33.2596,0.0408,1,200,probe_timetable,probe,0,0,1,1
33.262,0.035,1,200,probe_payment,probe,0,0,1,1
33.264,0.0256,1,200,balance,load,0,0,1,1
33.3187,0.0104,1,200,balance,load,0,0,1,1
33.366,0.0155,1,200,enroll,load,0,0,1,1
33.412,0.0152,1,200,timetable,load,0,0,1,1
33.4588,0.0107,1,200,balance,load,0,0,1,1
33.505,0.022,1,200,probe_student,probe,0,0,1,1
33.5067,0.0299,1,200,probe_records,probe,0,0,1,1
33.5083,0.0387,1,200,probe_timetable,probe,0,0,1,1
33.5101,0.0335,1,200,probe_payment,probe,0,0,1,1
33.5141,0.0249,1,200,student_read,load,0,0,1,1
33.5672,0.0098,1,200,student_read,load,0,0,1,1
33.6148,0.0097,1,200,student_read,load,0,0,1,1
33.6613,0.016,1,200,enroll,load,0,0,1,1
33.7096,0.0125,1,200,timetable,load,0,0,1,1
33.7557,0.0227,1,200,probe_student,probe,0,0,1,1
33.7575,0.0297,1,200,probe_records,probe,0,0,1,1
33.7584,0.0341,1,200,probe_timetable,probe,0,0,1,1
33.7598,0.0358,1,200,probe_payment,probe,0,0,1,1
33.7635,0.0275,1,200,timetable,load,0,0,1,1
33.8175,0.0131,1,200,timetable,load,0,0,1,1
33.8638,0.0245,1,200,payment,load,0,0,1,1
33.9105,0.0164,1,200,enroll,load,0,0,1,1
33.9573,0.0112,1,200,balance,load,0,0,1,1
34.0046,0.0191,1,200,probe_student,probe,0,0,1,1
34.0056,0.032,1,200,probe_records,probe,0,0,1,1
34.0066,0.0371,1,200,probe_timetable,probe,0,0,1,1
34.0077,0.0342,1,200,probe_payment,probe,0,0,1,1
34.0115,0.0284,1,200,transcript,load,0,0,1,1
34.0673,0.0104,1,200,student_read,load,0,0,1,1
34.1143,0.0105,1,200,balance,load,0,0,1,1
34.1618,0.0104,1,200,student_read,load,0,0,1,1
34.2083,0.0108,1,200,balance,load,0,0,1,1
34.2547,0.0226,1,200,probe_student,probe,0,0,1,1
34.256,0.027,1,200,probe_records,probe,0,0,1,1
34.2572,0.0351,1,200,probe_timetable,probe,0,0,1,1
34.2583,0.0348,1,200,probe_payment,probe,0,0,1,1
34.2623,0.024,1,200,timetable,load,0,0,1,1
34.3162,0.015,1,200,timetable,load,0,0,1,1
34.3632,0.014,1,200,timetable,load,0,0,1,1
34.41,0.0114,1,200,student_read,load,0,0,1,1
34.4562,0.028,1,200,payment,load,0,0,1,1
34.5023,0.0186,1,200,probe_student,probe,0,0,1,1
34.5037,0.027,1,200,probe_records,probe,0,0,1,1
34.5048,0.0321,1,200,probe_timetable,probe,0,0,1,1
34.5058,0.0298,1,200,probe_payment,probe,0,0,1,1
34.5081,0.0258,1,200,balance,load,0,0,1,1
34.565,0.0138,1,200,timetable,load,0,0,1,1
34.613,0.0159,1,200,transcript,load,0,0,1,1
34.659,0.018,1,200,enroll,load,0,0,1,1
34.7065,0.0097,1,200,balance,load,0,0,1,1
34.753,0.0207,1,200,probe_student,probe,0,0,1,1
34.7549,0.0334,1,200,probe_records,probe,0,0,1,1
34.7561,0.0393,1,200,probe_timetable,probe,0,0,1,1
34.757,0.0364,1,200,probe_payment,probe,0,0,1,1
34.7591,0.0314,1,200,transcript,load,0,0,1,1
34.815,0.0164,1,200,transcript,load,0,0,1,1
34.8605,0.0117,1,200,balance,load,0,0,1,1
34.9063,0.0156,1,200,transcript,load,0,0,1,1
34.9675,0.0106,1,200,balance,load,0,0,1,1
35.0142,0.0236,1,200,probe_student,probe,0,0,1,1
35.0157,0.0298,1,200,probe_records,probe,0,0,1,1
35.0176,0.039,1,200,probe_timetable,probe,0,0,1,1
35.0193,0.0349,1,200,probe_payment,probe,0,0,1,1
35.0207,0.026,1,200,student_read,load,0,0,1,1
35.0567,0.0124,1,200,transcript,load,0,0,1,1
35.1072,0.0117,1,200,enroll,load,0,0,1,1
35.1694,0.0139,1,200,transcript,load,0,0,1,1
35.2158,0.0144,1,200,timetable,load,0,0,1,1
35.2628,0.0197,1,200,probe_student,probe,0,0,1,1
35.264,0.0326,1,200,probe_records,probe,0,0,1,1
35.2649,0.0349,1,200,probe_timetable,probe,0,0,1,1
35.2658,0.0352,1,200,probe_payment,probe,0,0,1,1
35.2676,0.028,1,200,balance,load,0,0,1,1
35.3099,0.0132,1,200,transcript,load,0,0,1,1
35.3714,0.0292,1,200,payment,load,0,0,1,1
35.4172,0.0205,1,200,grade,load,0,0,1,1
35.4632,0.0258,1,200,payment,load,0,0,1,1
35.5104,0.0216,1,200,probe_student,probe,0,0,1,1
35.5118,0.0338,1,200,probe_records,probe,0,0,1,1
35.5131,0.054,1,200,probe_timetable,probe,0,0,1,1
35.5144,0.0342,1,200,probe_payment,probe,0,0,1,1
35.5159,0.0342,1,200,timetable,load,0,0,1,1
35.563,0.0276,1,200,payment,load,0,0,1,1
35.617,0.0164,1,200,enroll,load,0,0,1,1
35.6633,0.014,1,200,timetable,load,0,0,1,1
35.7098,0.0173,1,200,enroll,load,0,0,1,1
35.7569,0.0282,1,200,probe_student,probe,0,0,1,1
35.7581,0.0402,1,200,probe_records,probe,0,0,1,1
35.7597,0.0461,1,200,probe_timetable,probe,0,0,1,1
35.7615,0.0466,1,200,probe_payment,probe,0,0,1,1
35.763,0.0389,1,200,enroll,load,0,0,1,1
35.8081,0.0249,1,200,payment,load,0,0,1,1
35.8641,0.0106,1,200,student_read,load,0,0,1,1
35.9126,0.0131,1,200,timetable,load,0,0,1,1
35.9583,0.0273,1,200,payment,load,0,0,1,1
36.0052,0.0224,1,200,probe_student,probe,0,0,1,1
36.007,0.0293,1,200,probe_records,probe,0,0,1,1
36.0083,0.0395,1,200,probe_timetable,probe,0,0,1,1
36.0097,0.0354,1,200,probe_payment,probe,0,0,1,1
36.0124,0.0265,1,200,student_read,load,0,0,1,1
36.0668,0.0113,1,200,student_read,load,0,0,1,1
36.1139,0.0108,1,200,student_read,load,0,0,1,1
36.1601,0.0141,1,200,transcript,load,0,0,1,1
36.206,0.0098,1,200,balance,load,0,0,1,1
36.2519,0.0242,1,200,probe_student,probe,0,0,1,1
36.2538,0.0321,1,200,probe_records,probe,0,0,1,1
36.2551,0.0655,1,200,probe_timetable,probe,0,0,1,1
36.2564,0.0348,1,200,probe_payment,probe,0,0,1,1
36.2604,0.0534,1,200,payment,load,0,0,1,1
36.3116,0.0106,1,200,student_read,load,0,0,1,1
36.3591,0.01,1,200,student_read,load,0,0,1,1
36.4215,0.0144,1,200,timetable,load,0,0,1,1
36.4672,0.0145,1,200,timetable,load,0,0,1,1
36.5149,0.0216,1,200,probe_student,probe,0,0,1,1
36.5168,0.0348,1,200,probe_records,probe,0,0,1,1
36.5187,0.0366,1,200,probe_timetable,probe,0,0,1,1
36.5203,0.0363,1,200,probe_payment,probe,0,0,1,1
36.522,0.0316,1,200,timetable,load,0,0,1,1
36.5567,0.0102,1,200,student_read,load,0,0,1,1
36.6092,0.0144,1,200,transcript,load,0,0,1,1
36.6713,0.01,1,200,student_read,load,0,0,1,1
36.7177,0.0276,1,200,payment,load,0,0,1,1
36.7639,0.0213,1,200,probe_student,probe,0,0,1,1
36.7654,0.0304,1,200,probe_records,probe,0,0,1,1
36.7665,0.0381,1,200,probe_timetable,probe,0,0,1,1
36.7681,0.0328,1,200,probe_payment,probe,0,0,1,1
36.7696,0.0332,1,200,timetable,load,0,0,1,1
36.8105,0.0106,1,200,student_read,load,0,0,1,1
36.857,0.0166,1,200,enroll,load,0,0,1,1
36.9176,0.0104,1,200,student_read,load,0,0,1,1
36.9637,0.01,1,200,balance,load,0,0,1,1
37.0101,0.0197,1,200,probe_student,probe,0,0,1,1
37.0112,0.0281,1,200,probe_records,probe,0,0,1,1
37.0123,0.0353,1,200,probe_timetable,probe,0,0,1,1
37.0132,0.03,1,200,probe_payment,probe,0,0,1,1
37.0147,0.0313,1,200,transcript,load,0,0,1,1
37.0572,0.0149,1,200,transcript,load,0,0,1,1
37.1192,0.0123,1,200,balance,load,0,0,1,1
37.1662,0.0107,1,200,balance,load,0,0,1,1
37.2129,0.028,1,200,payment,load,0,0,1,1
37.2597,0.0229,1,200,probe_student,probe,0,0,1,1
37.2607,0.0325,1,200,probe_records,probe,0,0,1,1
37.2617,0.0393,1,200,probe_timetable,probe,0,0,1,1
37.2632,0.0388,1,200,probe_payment,probe,0,0,1,1
37.2644,0.0316,1,200,transcript,load,0,0,1,1
37.3212,0.0146,1,200,timetable,load,0,0,1,1
37.369,0.0162,1,200,transcript,load,0,0,1,1
37.4169,0.0113,1,200,balance,load,0,0,1,1
37.4635,0.0105,1,200,student_read,load,0,0,1,1
37.5107,0.0251,1,200,probe_student,probe,0,0,1,1
37.5126,0.0352,1,200,probe_records,probe,0,0,1,1
37.5144,0.0386,1,200,probe_timetable,probe,0,0,1,1
37.516,0.0381,1,200,probe_payment,probe,0,0,1,1
37.5177,0.0311,1,200,student_read,load,0,0,1,1
37.5576,0.0163,1,200,enroll,load,0,0,1,1
37.6192,0.0113,1,200,student_read,load,0,0,1,1
37.665,0.013,1,200,student_read,load,0,0,1,1
37.7114,0.0143,1,200,transcript,load,0,0,1,1
37.7587,0.0202,1,200,probe_student,probe,0,0,1,1
37.7602,0.0299,1,200,probe_records,probe,0,0,1,1
37.7613,0.0378,1,200,probe_timetable,probe,0,0,1,1
37.7622,0.034,1,200,probe_payment,probe,0,0,1,1
37.7637,0.0293,1,200,enroll,load,0,0,1,1
37.8212,0.0098,1,200,student_read,load,0,0,1,1
37.8689,0.0106,1,200,student_read,load,0,0,1,1
37.916,0.0144,1,200,timetable,load,0,0,1,1
37.9625,0.0154,1,200,enroll,load,0,0,1,1
38.0085,0.0219,1,200,probe_student,probe,0,0,1,1
38.0102,0.0322,1,200,probe_records,probe,0,0,1,1
38.0116,0.0328,1,200,probe_timetable,probe,0,0,1,1
38.0126,0.0338,1,200,probe_payment,probe,0,0,1,1
38.0135,0.0262,1,200,student_read,load,0,0,1,1
38.0697,0.0124,1,200,timetable,load,0,0,1,1
38.1158,0.0092,1,200,student_read,load,0,0,1,1
38.1633,0.022,1,200,grade,load,0,0,1,1
38.2084,0.0112,1,200,student_read,load,0,0,1,1
38.2551,0.0207,1,200,probe_student,probe,0,0,1,1
38.2563,0.03,1,200,probe_records,probe,0,0,1,1
38.2573,0.0397,1,200,probe_timetable,probe,0,0,1,1
38.2583,0.0373,1,200,probe_payment,probe,0,0,1,1
38.2629,0.0259,1,200,timetable,load,0,0,1,1
38.3177,0.0131,1,200,timetable,load,0,0,1,1
38.3644,0.0142,1,200,timetable,load,0,0,1,1
38.412,0.0128,1,200,timetable,load,0,0,1,1
38.4584,0.0193,1,200,enroll,load,0,0,1,1
38.5057,0.0253,1,200,probe_student,probe,0,0,1,1
38.5078,0.0296,1,200,probe_records,probe,0,0,1,1
38.5109,0.0392,1,200,probe_timetable,probe,0,0,1,1
38.5128,0.0351,1,200,probe_payment,probe,0,0,1,1
38.5157,0.0237,1,200,student_read,load,0,0,1,1
38.5693,0.013,1,200,transcript,load,0,0,1,1
38.6163,0.0244,1,200,payment,load,0,0,1,1
38.6622,0.0102,1,200,student_read,load,0,0,1,1
38.7094,0.0116,1,200,timetable,load,0,0,1,1
38.7574,0.0199,1,200,probe_student,probe,0,0,1,1
38.7586,0.0274,1,200,probe_records,probe,0,0,1,1
38.7599,0.0525,1,200,probe_timetable,probe,0,0,1,1
38.7611,0.0488,1,200,probe_payment,probe,0,0,1,1
38.7623,0.0345,1,200,payment,load,0,0,1,1
38.8066,0.0149,1,200,timetable,load,0,0,1,1
38.8646,0.0107,1,200,balance,load,0,0,1,1
38.9126,0.0154,1,200,enroll,load,0,0,1,1
38.9584,0.009,1,200,student_read,load,0,0,1,1
39.0063,0.0193,1,200,probe_student,probe,0,0,1,1
39.0074,0.0289,1,200,probe_records,probe,0,0,1,1
39.0083,0.0332,1,200,probe_timetable,probe,0,0,1,1
39.0093,0.0328,1,200,probe_payment,probe,0,0,1,1
39.0105,0.0276,1,200,balance,load,0,0,1,1
39.0672,0.0151,1,200,enroll,load,0,0,1,1
39.1128,0.0133,1,200,transcript,load,0,0,1,1
39.1591,0.0091,1,200,student_read,load,0,0,1,1
39.2061,0.0094,1,200,balance,load,0,0,1,1
39.2524,0.0216,1,200,probe_student,probe,0,0,1,1
39.2537,0.0322,1,200,probe_records,probe,0,0,1,1
39.2551,0.0356,1,200,probe_timetable,probe,0,0,1,1
39.2566,0.0334,1,200,probe_payment,probe,0,0,1,1
39.2597,0.0267,1,200,enroll,load,0,0,1,1
39.3151,0.017,1,200,enroll,load,0,0,1,1
39.3611,0.0273,1,200,payment,load,0,0,1,1
39.407,0.0103,1,200,balance,load,0,0,1,1
39.4687,0.0172,1,200,enroll,load,0,0,1,1
39.5151,0.0229,1,200,probe_student,probe,0,0,1,1
39.5175,0.0343,1,200,probe_records,probe,0,0,1,1
39.5195,0.0341,1,200,probe_timetable,probe,0,0,1,1
39.5205,0.0355,1,200,probe_payment,probe,0,0,1,1
39.5216,0.028,1,200,student_read,load,0,0,1,1
39.5561,0.0107,1,200,balance,load,0,0,1,1
39.6085,0.0145,1,200,timetable,load,0,0,1,1
39.6694,0.0139,1,200,transcript,load,0,0,1,1
39.7153,0.0113,1,200,balance,load,0,0,1,1
39.7601,0.0222,1,200,probe_student,probe,0,0,1,1
39.7611,0.0335,1,200,probe_records,probe,0,0,1,1
39.7621,0.0353,1,200,probe_timetable,probe,0,0,1,1
39.7633,0.0359,1,200,probe_payment,probe,0,0,1,1
39.7647,0.0307,1,200,balance,load,0,0,1,1
39.8217,0.0115,1,200,student_read,load,0,0,1,1
39.8676,0.0266,1,200,payment,load,0,0,1,1
39.914,0.0116,1,200,student_read,load,0,0,1,1
39.9605,0.0266,1,200,payment,load,0,0,1,1
